Repository,Release Tag,Release Date,Release Time,App Version,Release Name,Release Date 2,Release Time 2,Time Difference
argo-cd,v2.13.3,2025-01-03,19:23:42,v2.13.3,argo-cd-7.7.13,2025-01-04,00:07:55,4.736944444444444
argo-events,v1.9.5,2025-01-10,18:11:20,v1.9.5,argo-events-2.4.13,2025-01-11,10:22:47,16.190833333333334
argo-workflows,v3.6.2,2024-12-02,14:12:44,v3.6.2,argo-workflows-0.45.1,2024-12-02,17:39:46,3.4505555555555554
argo-events,v1.9.4,2025-01-08,07:48:18,v1.9.4,argo-events-2.4.12,2025-01-08,08:37:01,0.8119444444444445
argo-events,v1.9.3,2024-11-27,06:51:10,v1.9.3,argo-events-2.4.9,2024-11-27,20:44:06,13.882222222222222
argo-rollouts,v1.7.2,2024-08-13,18:42:47,v1.7.2,argo-rollouts-2.37.5,2024-08-14,08:31:31,13.812222222222223
argo-cd,v2.13.2,2024-12-11,19:18:46,v2.13.2,argo-cd-7.7.10,2024-12-12,05:33:28,10.245
argo-cd,v2.13.1,2024-11-20,17:11:22,v2.13.1,argo-cd-7.7.4,2024-11-20,20:48:11,3.613611111111111
argo-workflows,v3.6.0,2024-11-14,19:02:01,v3.6.0,argo-workflows-0.43.0,2024-11-21,08:27:21,157.42222222222222
argo-cd,v2.13.0,2024-11-04,12:46:49,v2.13.0,argo-cd-7.7.0,2024-11-05,00:00:06,11.221388888888889
argo-workflows,v3.5.12,2024-10-30,11:49:27,v3.5.12,argo-workflows-0.42.6,2024-10-30,13:24:53,1.5905555555555555
argo-cd,v2.12.6,2024-10-18,19:07:18,v2.12.6,argo-cd-7.6.12,2024-10-18,19:27:20,0.3338888888888889
argo-cd,v2.12.5,2024-10-17,22:03:45,v2.12.5,argo-cd-7.6.11,2024-10-18,07:16:30,9.2125
argo-cd,v2.12.4,2024-09-26,07:14:39,v2.12.4,argo-cd-7.6.5,2024-09-26,07:42:42,0.4675
argo-workflows,v3.5.11,2024-09-20,14:08:00,v3.5.11,argo-workflows-0.42.3,2024-09-20,15:08:40,1.011111111111111
argo-cd,v2.12.3,2024-08-27,12:33:34,v2.12.3,argo-cd-7.4.7,2024-08-27,13:30:34,0.95
argo-events,v1.9.2,2024-06-14,00:38:39,v1.9.2,argo-events-2.4.6,2024-06-14,05:09:08,4.508055555555556
argo-workflows,v3.5.10,2024-08-01,06:03:16,v3.5.10,argo-workflows-0.41.13,2024-08-01,07:19:01,1.2625
argo-cd,v2.12.2,2024-08-23,04:05:09,v2.12.2,argo-cd-7.4.5,2024-08-23,08:51:19,4.769444444444445
argo-cd,v2.12.1,2024-08-16,17:16:36,v2.12.1,argo-cd-7.4.4,2024-08-16,21:36:53,4.338055555555556
argo-rollouts,v1.7.1,2024-06-25,01:38:31,v1.7.1,argo-rollouts-2.37.0,2024-06-26,09:10:19,31.53
argo-cd,v2.12.0,2024-08-05,14:02:15,v2.12.0,argo-cd-7.4.0,2024-08-05,15:22:06,1.3308333333333333
argo-workflows,v3.5.9,2024-07-30,06:58:49,v3.5.9,argo-workflows-0.41.12,2024-07-30,07:39:23,0.6761111111111111
argo-cd,v2.11.7,2024-07-24,10:27:18,v2.11.7,argo-cd-7.3.11,2024-07-24,11:44:52,1.2927777777777778
argo-cd,v2.11.6,2024-07-22,15:19:04,v2.11.6,argo-cd-7.3.10,2024-07-22,17:14:41,1.9269444444444443
argo-cd,v2.11.5,2024-07-15,18:32:15,v2.11.5,argo-cd-7.3.7,2024-07-16,01:17:05,6.747222222222222
argo-cd,v2.11.4,2024-07-02,19:52:42,v2.11.4,argo-cd-7.3.4,2024-07-02,20:43:46,0.8511111111111112
argo-cd,v2.11.3,2024-06-06,09:43:29,v2.11.3,argo-cd-7.1.2,2024-06-06,10:51:51,1.1394444444444445
argo-rollouts,v1.7.0,2024-06-13,20:23:14,v1.7.0,argo-rollouts-2.36.0,2024-06-14,09:00:46,12.625555555555556
argo-workflows,v3.5.8,2024-06-18,04:52:31,v3.5.8,argo-workflows-0.41.10,2024-06-18,07:47:04,2.9091666666666667
argo-workflows,v3.5.7,2024-05-27,07:13:30,v3.5.7,argo-workflows-0.41.7,2024-05-27,08:09:42,0.9366666666666666
argo-cd,v2.11.2,2024-05-23,14:14:51,v2.11.2,argo-cd-6.11.1,2024-05-23,15:37:21,1.375
argo-events,v1.9.1,2024-02-13,21:21:44,v1.9.1,argo-events-2.4.3,2024-02-14,08:53:00,11.52111111111111
argo-rollouts,v1.6.6,2024-02-13,15:56:59,v1.6.6,argo-rollouts-2.34.3,2024-02-14,08:50:21,16.889444444444443
argo-cd,v2.11.1,2024-05-21,15:03:58,v2.11.1,argo-cd-6.10.0,2024-05-21,16:36:49,1.5475
argo-workflows,v3.5.6,2024-04-19,21:43:07,v3.5.6,argo-workflows-0.41.2,2024-04-20,04:55:21,7.203888888888889
argo-cd,v2.11.0,2024-05-07,16:37:25,v2.11.0,argo-cd-6.8.0,2024-05-08,06:21:31,13.735
argo-cd,v2.10.9,2024-04-30,16:55:10,v2.10.9,argo-cd-6.7.18,2024-04-30,17:14:22,0.32
argo-cd,v2.10.8,2024-04-26,14:04:02,v2.10.8,argo-cd-6.7.16,2024-04-26,14:21:35,0.2925
argo-cd,v2.10.7,2024-04-15,09:21:23,v2.10.7,argo-cd-6.7.12,2024-04-15,10:43:13,1.363888888888889
argo-cd,v2.10.6,2024-04-05,01:04:01,v2.10.6,argo-cd-6.7.10,2024-04-05,05:00:08,3.935277777777778
argo-cd,v2.10.5,2024-03-28,16:29:02,v2.10.5,argo-cd-6.7.4,2024-03-28,17:30:11,1.0191666666666668
argo-workflows,v3.5.5,2024-02-29,21:47:50,v3.5.5,argo-workflows-0.40.12,2024-03-01,00:03:01,2.2530555555555556
argo-cd,v2.10.4,2024-03-18,08:44:51,v2.10.4,argo-cd-6.7.3,2024-03-18,09:36:58,0.8686111111111111
argo-cd,v2.10.3,2024-03-13,19:53:05,v2.10.3,argo-cd-6.7.2,2024-03-13,20:46:14,0.8858333333333334
argo-cd,v2.10.2,2024-03-01,22:03:43,v2.10.2,argo-cd-6.5.1,2024-03-01,22:33:17,0.49277777777777776
argo-cd,v2.10.1,2024-02-14,18:12:43,v2.10.1,argo-cd-6.0.14,2024-02-14,21:04:43,2.8666666666666667
argo-workflows,v3.5.4,2024-01-14,06:19:09,v3.5.4,argo-workflows-0.40.6,2024-01-14,08:11:19,1.8694444444444445
argo-cd,v2.10.0,2024-02-06,15:03:51,v2.10.0,argo-cd-5.55.0,2024-02-07,07:10:30,16.110833333333332
argo-cd,v2.9.6,2024-02-02,19:51:46,v2.9.6,argo-cd-5.53.13,2024-02-02,22:50:34,2.98
argo-cd,v2.9.5,2024-01-19,18:32:02,v2.9.5,argo-cd-5.53.2,2024-01-19,20:20:14,1.8033333333333332
argo-rollouts,v1.6.5,2024-01-25,20:19:53,v1.6.5,argo-rollouts-2.34.2,2024-01-26,06:31:27,10.192777777777778
argo-cd,v2.9.4,2024-01-18,21:24:02,v2.9.4,argo-cd-5.53.1,2024-01-19,05:48:47,8.4125
argo-cd,v2.9.3,2023-12-01,23:39:19,v2.9.3,argo-cd-5.51.6,2023-12-02,11:03:49,11.408333333333333
argo-workflows,v3.5.3,2024-01-11,03:12:46,v3.5.3,argo-workflows-0.40.5,2024-01-11,07:20:47,4.133611111111111
argo-events,v1.9.0,2024-01-09,08:31:10,v1.9.0,argo-events-2.4.2,2024-01-09,10:14:30,1.7222222222222223
argo-rollouts,v1.6.4,2023-12-11,21:54:30,v1.6.4,argo-rollouts-2.32.8,2023-12-13,06:59:39,33.08583333333333
argo-workflows,v3.5.2,2023-11-27,19:16:42,v3.5.2,argo-workflows-0.39.5,2023-11-27,21:13:09,1.9408333333333334
argo-rollouts,v1.6.3,2023-12-05,14:36:31,v1.6.3,argo-rollouts-2.32.7,2023-12-08,15:06:58,72.5075
argo-rollouts,v1.6.2,2023-11-02,19:58:08,v1.6.2,argo-rollouts-2.32.4,2023-11-15,13:09:53,305.1958333333333
argo-cd,v2.9.2,2023-11-20,17:52:41,v2.9.2,argo-cd-5.51.4,2023-11-20,18:50:04,0.9563888888888888
argo-workflows,v3.5.1,2023-11-03,19:57:45,v3.5.1,argo-workflows-0.38.0,2023-11-04,05:58:06,10.005833333333333
argo-cd,v2.9.1,2023-11-14,15:55:51,v2.9.1,argo-cd-5.51.2,2023-11-15,05:59:33,14.061666666666667
argo-rollouts,v1.6.1,2023-11-01,21:19:43,v1.6.1,argo-rollouts-2.32.3,2023-11-15,10:00:45,324.6838888888889
argo-cd,v2.9.0,2023-11-06,05:27:12,v2.9.0,argo-cd-5.51.0,2023-11-06,12:54:52,7.461111111111111
argo-workflows,v3.5.0,2023-10-13,15:00:44,v3.5.0,argo-workflows-0.35.0,2023-10-13,22:07:38,7.115
argo-cd,v2.8.6,2023-11-01,17:29:59,v2.8.6,argo-cd-5.50.0,2023-10-31,18:12:30,-23.29138888888889
argo-rollouts,v1.6.0,2023-09-06,19:00:06,v1.6.0,argo-rollouts-2.32.0,2023-09-07,12:23:50,17.395555555555557
argo-cd,v2.8.5,2023-10-31,19:30:03,v2.8.5,argo-cd-5.48.0,2023-10-28,07:29:05,-84.01611111111112
argo-cd,v2.8.4,2023-09-13,20:08:07,v2.8.4,argo-cd-5.46.3,2023-09-14,04:56:22,8.804166666666667
argo-workflows,v3.4.11,2023-09-08,01:14:16,v3.4.11,argo-workflows-0.33.2,2023-09-08,04:20:30,3.1038888888888887
argo-cd,v2.8.3,2023-09-07,18:06:07,v2.8.3,argo-cd-5.45.3,2023-09-08,00:13:52,6.129166666666666
argo-cd,v2.8.2,2023-08-24,21:05:33,v2.8.2,argo-cd-5.43.6,2023-08-25,08:46:11,11.677222222222222
argo-events,v1.8.1,2023-08-31,23:49:47,v1.8.1,argo-events-2.4.1,2023-09-04,01:15:35,73.43
argo-cd,v2.8.1,2023-08-22,21:19:28,v2.8.1,argo-cd-5.43.5,2023-08-23,03:57:35,6.635277777777778
argo-workflows,v3.4.10,2023-08-15,18:59:38,v3.4.10,argo-workflows-0.32.3,2023-08-16,11:00:55,16.02138888888889
argo-rollouts,v1.5.1,2023-05-24,19:26:51,v1.5.1,argo-rollouts-2.31.1,2023-07-20,17:26:45,1365.9983333333332
argo-cd,v2.8.0,2023-08-07,20:03:46,v2.8.0,argo-cd-5.43.0,2023-08-08,14:36:04,18.538333333333334
argo-workflows,v3.4.9,2023-07-20,15:28:41,v3.4.9,argo-workflows-0.32.0,2023-07-20,23:20:17,7.86
argo-cd,v2.7.11,2023-08-07,20:07:16,v2.7.11,argo-cd-5.42.3,2023-08-08,06:11:54,10.077222222222222
argo-cd,v2.7.10,2023-07-31,22:51:19,v2.7.10,argo-cd-5.42.1,2023-08-01,05:57:37,7.105
argo-cd,v2.7.9,2023-07-24,18:50:30,v2.7.9,argo-cd-5.41.2,2023-07-25,02:10:03,7.325833333333334
argo-cd,v2.7.8,2023-07-19,15:58:13,v2.7.8,argo-cd-5.41.1,2023-07-19,22:26:30,6.471388888888889
argo-cd,v2.7.7,2023-07-05,20:25:54,v2.7.7,argo-cd-5.37.1,2023-07-06,08:26:09,12.004166666666666
argo-workflows,v3.4.8,2023-05-25,23:37:40,v3.4.8,argo-workflows-0.28.2,2023-05-26,04:19:27,4.6963888888888885
argo-cd,v2.7.6,2023-06-20,21:46:46,v2.7.6,argo-cd-5.36.5,2023-06-21,04:27:57,6.686388888888889
argo-events,v1.8.0,2023-05-08,05:54:59,v1.8.0,argo-events-2.4.0,2023-06-21,12:41:55,1062.7822222222221
argo-cd,v2.7.5,2023-06-16,15:24:00,v2.7.5,argo-cd-5.36.2,2023-06-17,04:55:38,13.527222222222223
argo-cd,v2.7.4,2023-06-05,19:40:08,v2.7.4,argo-cd-5.35.1,2023-06-06,04:53:38,9.225
argo-cd,v2.7.3,2023-05-24,16:14:02,v2.7.3,argo-cd-5.34.5,2023-05-24,23:23:36,7.1594444444444445
argo-rollouts,v1.5.0,2023-05-08,15:34:06,v1.5.0,argo-rollouts-2.28.0,2023-05-10,15:37:42,48.06
argo-workflows,v3.4.7,2023-04-11,17:26:32,v3.4.7,argo-workflows-0.23.2,2023-04-12,04:52:48,11.437777777777777
argo-cd,v2.7.2,2023-05-12,14:41:07,v2.7.2,argo-cd-5.33.2,2023-05-12,15:19:23,0.6377777777777778
argo-cd,v2.7.1,2023-05-02,17:24:44,v2.7.1,argo-cd-5.31.1,2023-05-03,09:48:25,16.39472222222222
argo-events,v1.7.6,2023-02-10,07:30:54,v1.7.6,argo-events-2.1.3,2023-02-21,01:14:54,257.73333333333335
argo-rollouts,v1.4.1,2023-02-25,15:23:34,v1.4.1,argo-rollouts-2.22.3,2023-03-02,15:08:16,119.745
argo-cd,v2.7.0,2023-05-02,00:51:25,v2.7.0,argo-cd-5.30.0,2023-05-02,07:29:11,6.629444444444444
argo-cd,v2.6.7,2023-03-23,15:45:09,v2.6.7,argo-cd-5.27.2,2023-03-24,00:09:05,8.398888888888889
argo-workflows,v3.4.6,2023-03-31,20:16:18,v3.4.6,argo-workflows-0.22.16,2023-04-04,11:10:35,86.90472222222222
argo-workflows,v3.4.5,2023-02-07,13:26:29,v3.4.5,argo-workflows-0.22.10,2023-02-07,15:11:29,1.75
argo-cd,v2.6.6,2023-03-16,23:07:31,v2.6.6,argo-cd-5.27.1,2023-03-17,08:25:05,9.292777777777777
argo-cd,v2.6.5,2023-03-14,14:59:49,v2.6.5,argo-cd-5.26.1,2023-03-14,18:42:39,3.713888888888889
argo-cd,v2.6.4,2023-03-07,23:29:08,v2.6.4,argo-cd-5.24.2,2023-03-08,07:13:22,7.737222222222222
argo-cd,v2.6.3,2023-02-27,15:20:04,v2.6.3,argo-cd-5.23.3,2023-02-28,08:32:15,17.203055555555554
argo-cd,v2.6.2,2023-02-16,15:43:42,v2.6.2,argo-cd-5.21.1,2023-02-17,08:23:54,16.67
argo-cd,v2.6.1,2023-02-08,19:39:04,v2.6.1,argo-cd-5.20.3,2023-02-08,20:15:43,0.6108333333333333
argo-cd,v2.6.0,2023-02-06,22:04:33,v2.6.0,argo-cd-5.20.0,2023-02-07,15:02:47,16.970555555555556
argo-cd,v2.5.10,2023-02-02,15:48:00,v2.5.10,argo-cd-5.19.14,2023-02-02,21:56:38,6.143888888888889
argo-cd,v2.5.9,2023-01-28,00:04:28,v2.5.9,argo-cd-5.19.11,2023-01-28,13:41:15,13.613055555555556
argo-workflows,v3.4.4,2022-11-29,21:15:21,v3.4.4,argo-workflows-0.20.12,2022-11-30,15:26:09,18.18
argo-rollouts,v1.4.0,2023-01-09,21:43:34,v1.4.0,argo-rollouts-2.22.0,2023-01-19,21:14:27,239.51472222222222
argo-events,v1.7.5,2023-01-23,08:23:36,v1.7.5,argo-events-2.1.1,2023-01-29,12:16:37,147.88361111111112
argo-cd,v2.5.8,2023-01-25,17:05:03,v2.5.8,argo-cd-5.19.7,2023-01-26,08:23:02,15.299722222222222
argo-events,v1.7.4,2022-12-12,07:45:11,v1.7.4,argo-events-2.0.10,2022-12-24,19:41:24,299.93694444444446
argo-cd,v2.5.7,2023-01-18,03:00:02,v2.5.7,argo-cd-5.17.2,2023-01-18,06:44:45,3.745277777777778
argo-rollouts,v1.3.1,2022-09-29,17:43:19,v1.3.1,argo-rollouts-2.21.1,2022-09-30,22:29:28,28.769166666666667
argo-cd,v2.5.6,2023-01-10,20:14:18,v2.5.6,argo-cd-5.17.1,2023-01-11,06:33:59,10.328055555555556
argo-cd,v2.5.5,2022-12-16,16:53:08,v2.5.5,argo-cd-5.16.7,2022-12-17,11:36:17,18.719166666666666
argo-events,v1.7.3,2022-09-28,22:10:34,v1.7.3,argo-events-2.0.6,2022-09-29,15:55:01,17.740833333333335
argo-cd,v2.5.4,2022-12-06,20:26:51,v2.5.4,argo-cd-5.16.2,2022-12-07,07:41:56,11.251388888888888
argo-cd,v2.5.3,2022-11-28,17:28:00,v2.5.3,argo-cd-5.14.3,2022-11-28,22:10:18,4.705
argo-workflows,v3.4.3,2022-10-31,09:17:41,v3.4.3,argo-workflows-0.20.6,2022-11-01,09:26:43,24.150555555555556
argo-cd,v2.5.2,2022-11-07,17:23:44,v2.5.2,argo-cd-5.13.6,2022-11-08,16:04:52,22.685555555555556
argo-cd,v2.5.1,2022-11-01,21:53:59,v2.5.1,argo-cd-5.13.1,2022-11-02,07:31:33,9.626111111111111
argo-cd,v2.5.0,2022-10-25,15:32:28,v2.5.0,argo-cd-5.8.0,2022-10-25,21:22:42,5.8372222222222225
argo-workflows,v3.4.2,2022-10-23,07:36:55,v3.4.2,argo-workflows-0.20.3,2022-10-24,05:53:54,22.283055555555556
argo-cd,v2.4.15,2022-10-17,21:17:43,v2.4.15,argo-cd-5.6.1,2022-10-20,11:23:48,62.10138888888889
argo-workflows,v3.4.1,2022-10-01,16:09:34,v3.4.1,argo-workflows-0.20.1,2022-10-02,09:28:15,17.31138888888889
argo-cd,v2.4.14,2022-10-05,17:53:31,v2.4.14,argo-cd-5.5.10,2022-10-06,21:05:05,27.192777777777778
argo-cd,v2.4.13,2022-10-03,21:38:39,v2.4.13,argo-cd-5.5.8,2022-10-04,00:58:31,3.331111111111111
argo-cd,v2.4.12,2022-09-16,01:33:23,v2.4.12,argo-cd-5.4.4,2022-09-16,08:58:43,7.4222222222222225
argo-rollouts,v1.3.0,2022-09-19,03:29:00,v1.3.0,argo-rollouts-2.21.0,2022-09-29,06:43:50,243.24722222222223
argo-workflows,v3.4.0,2022-09-19,05:23:46,v3.4.0,argo-workflows-0.18.0,2022-09-19,16:10:42,10.782222222222222
argo-events,v1.7.2,2022-09-12,23:46:11,v1.7.2,argo-events-2.0.5,2022-09-20,11:55:01,180.1472222222222
argo-cd,v2.4.11,2022-08-22,09:52:10,v2.4.11,argo-cd-4.10.9,2022-08-22,14:04:30,4.205555555555556
argo-workflows,v3.3.9,2022-08-10,01:08:09,v3.3.9,argo-workflows-0.16.9,2022-08-10,11:43:41,10.592222222222222
argo-rollouts,v1.2.2,2022-07-26,17:49:31,v1.2.2,argo-rollouts-2.19.2,2022-08-26,09:03:17,735.2294444444444
argo-events,v1.7.1,2022-06-09,06:27:31,v1.7.1,argo-events-2.0.2,2022-07-04,09:50:24,603.3813888888889
argo-rollouts,v1.2.0,2022-03-22,17:16:13,v1.2.0,argo-rollouts-2.12.0,2022-03-23,21:12:12,27.933055555555555
argo-cd,v2.4.10,2022-08-17,21:44:09,v2.4.10,argo-cd-4.10.7,2022-08-18,00:28:21,2.736666666666667
argo-cd,v2.4.9,2022-08-11,15:59:47,v2.4.9,argo-cd-4.10.6,2022-08-11,20:43:51,4.734444444444445
argo-cd,v2.4.8,2022-07-29,17:38:38,v2.4.8,argo-cd-4.10.4,2022-08-01,13:49:17,68.1775
argo-cd,v2.4.7,2022-07-18,21:54:21,v2.4.7,argo-cd-4.9.15,2022-07-19,06:25:53,8.525555555555556
argo-workflows,v3.3.8,2022-06-24,01:18:03,v3.3.8,argo-workflows-0.16.6,2022-06-24,05:47:50,4.496388888888889
argo-cd,v2.4.6,2022-07-12,23:14:34,v2.4.6,argo-cd-4.9.13,2022-07-13,20:43:07,21.475833333333334
argo-cd,v2.4.4,2022-07-07,07:59:34,v2.4.4,argo-cd-4.9.12,2022-07-07,16:46:25,8.780833333333334
argo-cd,v2.4.3,2022-06-27,21:39:15,v2.4.3,argo-cd-4.9.9,2022-06-28,13:20:49,15.692777777777778
argo-events,v1.7.0,2022-05-04,22:47:01,v1.7.0,argo-events-2.0.0,2022-06-14,15:38:27,976.8572222222223
argo-cd,v2.4.2,2022-06-21,21:19:40,v2.4.2,argo-cd-4.9.5,2022-06-23,05:50:20,32.51111111111111
argo-workflows,v3.3.7,2022-06-21,00:41:49,v3.3.7,argo-workflows-0.16.5,2022-06-23,16:01:09,63.32222222222222
argo-workflows,v3.3.6,2022-05-26,01:22:39,v3.3.6,argo-workflows-0.16.1,2022-05-26,11:20:50,9.969722222222222
argo-cd,v2.4.0,2022-06-10,17:59:33,v2.4.0,argo-cd-4.9.0,2022-06-14,10:10:37,88.18444444444444
argo-cd,v2.3.4,2022-05-18,13:14:17,v2.3.4,argo-cd-4.6.2,2022-05-19,17:54:21,28.66777777777778
argo-workflows,v3.3.5,2022-05-04,01:13:34,v3.3.5,argo-workflows-0.15.2,2022-05-20,21:14:27,404.01472222222225
argo-workflows,v3.3.2,2022-04-20,23:16:10,v3.3.2,argo-workflows-0.14.0,2022-04-22,07:09:42,31.892222222222223
argo-cd,v2.3.3,2022-03-30,01:55:37,v2.3.3,argo-cd-4.3.1,2022-03-30,13:40:17,11.744444444444444
argo-events,v1.6.0,2022-02-13,06:42:27,v1.6.0,argo-events-1.11.0,2022-02-20,18:31:57,179.825
argo-cd,v2.3.2,2022-03-23,02:12:12,v2.3.2,argo-cd-4.2.2,2022-03-23,09:53:45,7.6925
argo-workflows,v3.2.9,2022-03-02,23:04:35,v3.2.9,argo-workflows-0.11.2,2022-03-05,08:51:50,57.7875
argo-cd,v2.3.1,2022-03-11,00:07:41,v2.3.1,argo-cd-4.0.0,2022-03-16,21:02:33,140.91444444444446
argo-rollouts,v1.1.1,2021-11-29,21:44:13,v1.1.1,argo-rollouts-2.8.1,2022-01-10,18:21:14,1004.6169444444445
argo-cd,v2.2.5,2022-02-05,01:42:13,v2.2.5,argo-cd-3.33.4,2022-02-05,12:55:15,11.217222222222222
argo-workflows,v3.2.7,2022-01-28,02:28:31,v3.2.7,argo-workflows-0.10.1,2022-02-09,23:06:55,308.64
argo-cd,v2.2.4,2022-02-03,20:50:43,v2.2.4,argo-cd-3.33.3,2022-02-04,09:19:44,12.483611111111111
argo-cd,v2.2.3,2022-01-18,18:03:37,v2.2.3,argo-cd-3.32.0,2022-01-26,15:14:35,189.18277777777777
argo-workflows,v3.2.6,2021-12-17,21:12:28,v3.2.6,argo-workflows-0.9.4,2021-12-20,11:00:00,61.79222222222222
argo-events,v1.5.6,2022-01-12,05:18:08,v1.5.6,argo-events-1.10.1,2022-01-18,22:20:08,161.03333333333333
argo-cd,v2.2.2,2022-01-01,06:38:42,v2.2.2,argo-cd-3.29.5,2022-01-04,10:16:28,75.62944444444445
argo-events,v1.5.0,2021-10-12,18:48:33,v1.5.0,argo-events-1.8.0,2021-10-27,15:13:58,356.4236111111111
argo-rollouts,v1.1.0,2021-10-12,17:02:30,v1.1.0,argo-rollouts-2.2.0,2021-10-14,14:58:28,45.93277777777778
argo-cd,v2.2.1,2021-12-17,01:41:25,v2.2.1,argo-cd-3.29.1,2021-12-17,10:06:18,8.414722222222222
argo-cd,v2.2.0,2021-12-14,18:19:23,v2.2.0,argo-cd-3.29.0,2021-12-15,10:15:30,15.935277777777777
argo-cd,v2.1.7,2021-11-17,22:18:58,v2.1.7,argo-cd-3.26.10,2021-11-21,12:48:45,86.49638888888889
argo-workflows,v3.2.4,2021-11-18,00:41:27,v3.2.4,argo-workflows-0.8.3,2021-11-21,18:59:21,90.29833333333333
argo-workflows,v3.2.0,2021-10-12,16:28:36,v3.2.0,argo-workflows-0.7.3,2021-10-15,10:22:13,65.89361111111111
argo-cd,v2.1.6,2021-10-28,20:08:23,v2.1.6,argo-cd-3.26.4,2021-10-31,11:57:25,63.81722222222222
argo-cd,v2.1.5,2021-10-20,15:25:12,v2.1.5,argo-cd-3.26.3,2021-10-21,20:56:35,29.523055555555555
argo-cd,,,,2.1.4,argo-cd-3.26.1,2021-10-20,06:32:59,
argo-cd,,,,2.1.3,argo-cd-3.23.1,2021-10-06,15:28:20,
argo-workflows,v3.1.8,2021-08-19,00:19:56,v3.1.8,argo-workflows-0.4.2,2021-08-23,11:13:42,106.89611111111111
argo-cd,,,,2.1.2,argo-cd-3.17.6,2021-09-02,21:59:12,
argo-rollouts,v1.0.2,2021-06-15,22:33:04,v1.0.2,argo-rollouts-1.0.2,2021-07-07,15:18:22,520.755
argo-cd,,,,2.1.1,argo-cd-3.17.2,2021-08-26,14:22:27,
argo-cd,,,,2.1.0,argo-cd-3.13.0,2021-08-23,12:14:11,
argo-workflows,v3.1.5,2021-08-04,07:14:30,v3.1.5,argo-workflows-0.4.0,2021-08-17,07:31:04,312.2761111111111
argo-cd,,,,2.0.5,argo-cd-3.10.1,2021-07-27,01:33:24,
argo-workflows,v3.0.7,2021-05-25,19:08:55,v3.0.7,argo-workflows-0.2.6,2021-06-25,06:16:05,731.1194444444444
argo-events,,,,1.3.1,argo-events-1.4.2,2021-05-21,16:00:05,
argo-cd,,,,2.0.4,argo-cd-3.6.11,2021-06-29,08:49:22,
argo-cd,,,,2.0.3,argo-cd-3.6.3,2021-05-29,08:42:00,
argo-workflows,v3.0.2,2021-04-20,15:37:15,v3.0.2,argo-workflows-0.1.1,2021-05-21,16:00:07,744.3811111111111
argo-rollouts,v1.0.1,2021-05-26,08:43:12,v1.0.1,argo-rollouts-1.0.0,2021-05-31,16:06:49,127.39361111111111
argo-rollouts,,,,0.10.2,argo-rollouts-0.5.3,2021-05-21,16:00:06,
argo-cd,,,,2.0.1,argo-cd-3.4.1,2021-05-21,16:00:04,
